{
	"record" :[
{"name":"The Girl with the Dragon Tattoo", 
"author":"Stieg Larsson", 
"genre":"Mystery",
"image":"img/mystery/TheGirlwiththeDragonTattoo.jpg",
"description": "Acoustic, electroacoustic and classical guitars, from leading brands in world.",
"chapter1" :"It happened every year, was almost a ritual. And this was his eightysecond birthday. When, as usual, the flower was delivered, he took off the wrapping paper and then picked up the telephone to call Detective Superintendent Morell who, when he retired, had moved to Lake Siljan in Dalarna. They were not only the same age, they had been born on the same day—which was something of an irony under the circumstances. The old policeman was sitting with his coffee, waiting, expecting the call. It arrived. What is it this year? I dont know what kind it is. Ill have to get someone to tell me what it is. Its white. No letter, I suppose. Just the flower. The frame is the same kind as last year. One of those doityourself ones. Postmark? Stockholm. Handwriting? Same as always, all in capitals. Upright, neat lettering. With that, the subject was exhausted, and not another word was exchanged for almost a minute. The retired policeman leaned back in his kitchen chair and drew on his pipe. He knew he was no longer expected to come up with a pithy comment or any sharp question which would shed a new light on the case. Those days had long since passed, and the exchange between the two men seemed like a ritual attaching to a mystery which noone else in the whole world had the least interest in unravelling. ",
"chapter2" :"The Latin name was Leptospermum (Myrtaceae) rubinette. It was a plant about four inches high with small, heatherlike foliage and a white flower with five petals about one inch across. The plant was native to the Australian bush and uplands, where it was to be found among tussocks of grass. There it was called Desert Snow. Someone at the botanical gardens in Uppsala would later confirm that it was a plant seldom cultivated in Sweden. The botanist wrote in her report that it was related to the tea tree and that it was sometimes confused with its more common cousin Leptospermum scoparium, which grew in abundance in New Zealand. What distinguished them, she pointed out, was that rubinette had a small number of microscopic pink dots at the tips of the petals, giving the flower a faint pinkish tinge. Rubinette was altogether an unpretentious flower. It had no known medicinal properties, and it could not induce hallucinatory experiences. It was neither edible, nor had a use in the manufacture of plant dyes. On the other hand, the aboriginal people of Australia regarded as sacred the region and the flora around Ayers Rock. The botanist said that she herself had never seen one before, but after consulting her colleagues she was to report that attempts had been made to introduce the plant at a nursery in Göteborg, and that it might, of course, be cultivated by amateur botanists. It was difficult to grow in Sweden because it thrived in a dry climate and had to remain indoors half of the year. It would not thrive in calcareous soil and it had to be watered from below. It needed pampering. The fact of its being so rare a flower ought to have made it easier to trace the source of this particular specimen, but in practice it was an impossible task. There was no registry to look it up in, no licences to explore. Anywhere from a handful to a few hundred enthusiasts could have had access to seeds or plants. And those could have changed hands between friends or been bought by mail order from anywhere in Europe, anywhere in the Antipodes. ",
"chapter3" :"But it was only one in the series of mystifying flowers that each year arrived by post on the first day of November. They were always beautiful and for the most part rare flowers, always pressed, mounted on watercolour paper in a simple frame measuring six inches by eleven inches. The strange story of the flowers had never been reported in the press; only a very few people knew of it. Thirty years ago the regular arrival of the flower was the object of much scrutiny—at the National Forensic Laboratory, among fingerprint experts, graphologists, criminal investigators, and one or two relatives and friends of the recipient. Now the actors in the drama were but three: the elderly birthday boy, the retired police detective, and the person who had posted the flower. The first two at least had reached such an age that the group of interested parties would soon be further diminished. The policeman was a hardened veteran. He would never forget his first case, in which he had had to take into custody a violent and appallingly drunk worker at an electrical substation before he caused others harm. During his career he had brought in poachers, wife beaters, con men, car thieves, and drunk drivers. He had dealt with burglars, drug dealers, rapists, and one deranged bomber. He had been involved in nine murder or manslaughter cases. In five of these the murderer had called the police himself and, full of remorse, confessed to having killed his wife or brother or some other relative. Two others were solved within a few days. Another required the assistance of the National Criminal Police and took two years. The ninth case was solved to the polices satisfaction, which is to say that they knew who the murderer was, but because the evidence was so insubstantial the public prosecutor decided not to proceed with the case. To the detective superintendents dismay, the statute of limitations eventually put an end to the matter. But all in all he could look back on an impressive career. He was anything but pleased. For the detective, the Case of the Pressed Flowers had been nagging at him for years—his last, unsolved, and frustrating case. The situation was doubly absurd because after spending literally thousands of hours brooding, on duty and off, he could not say beyond doubt that a crime had indeed been committed.  The two men knew that whoever had mounted the flowers would have worn gloves, that there would be no fingerprints on the frame or the glass. The frame could have been bought in camera shops or stationery stores the world over. There was, quite simply, no lead to follow. Most often the parcel was posted in Stockholm, but three times from London, twice from Paris, twice from Copenhagen, once from Madrid, once from Bonn, and once from Pensacola, Florida. The detective superintendent had had to look it up in an atlas.After putting down the telephone the eightytwoyearold birthday boy sat for a long time looking at the pretty but meaningless flower whose name he did not yet know. Then he looked up at the wall above his desk. There hung fortythree pressed flowers in their frames. Four rows of ten, and one at the bottom with four. In the top row one was missing from the ninth slot. Desert Snow would be number fortyfour. Without warning he began to weep. He surprised himself with this sudden burst of emotion after almost forty years.",
"chapter4" :"The trial was irretrievably over; everything that could be said had been said, but he had never doubted that he would lose. The written verdict was handed down at 10:00 on Friday morning, and all that remained was a summing up from the reporters waiting in the corridor outside the district court. Carl Mikael Blomkvist saw them through the doorway and slowed his step. He had no wish to discuss the verdict, but questions were unavoidable, and he—of all people—knew that they had to be asked and answered.This is how it is to be a criminal, he thought. On the other side of the microphone. He straightened up and tried to smile. The reporters gave him friendly, almost embarrassed greetings. Lets see…Aftonbladet, Expressen, TT wire service, TV4, and…where are you from?…ah yes, Dagens Nyheter. I must be a celebrity, Blomkvist said. Give us a sound bite, Kalle Blomkvist. It was a reporter from one of the evening papers. Blomkvist, hearing the nickname, forced himself as always not to roll his eyes. Once, when he was twentythree and had just started his first summer job as a journalist, Blomkvist had chanced upon a gang which had pulled off five bank robberies over the past two years. There was no doubt that it was the same gang in every instance. Their trademark was to hold up two banks at a time with military precision. They wore masks from Disney World, so inevitably police logic dubbed them the Donald Duck Gang. The newspapers renamed them the Bear Gang, which sounded more sinister, more appropriate to the fact that on two occasions they had recklessly fired warning shots and threatened curious passersby. Their sixth outing was at a bank in Östergötland at the height of the holiday season. A reporter from the local radio station happened to be in the bank at the time. As soon as the robbers were gone he went to a public telephone and dictated his story for live broadcast. Blomkvist was spending several days with a girlfriend at her parents summer cabin near Katrineholm. Exactly why he made the connection he could not explain, even to the police, but as he was listening to the news report he remembered a group of four men in a summer cabin a few hundred feet down the road. He had seen them playing badminton out in the yard: four blond, athletic types in shorts with their shirts off. They were obviously bodybuilders, and there had been something about them that had made him look twice—maybe it was because the game was being played in blazing sunshine with what he recognised as intensely focused energy. ",
"chapter5" :"There had been no good reason to suspect them of being the bank robbers, but nevertheless he had gone to a hill overlooking their cabin. It seemed empty. It was about forty minutes before a Volvo drove up and parked in the yard. The young men got out, in a hurry, and were each carrying a sports bag, so they might have been doing nothing more than coming back from a swim. But one of them returned to the car and took out from the boot something which he hurriedly covered with his jacket. Even from Blomkvists relatively distant observation post he could tell that it was a good old AK4, the rifle that had been his constant companion for the year of his military service. He called the police and that was the start of a threeday siege of the cabin, blanket coverage by the media, with Blomkvist in a frontrow seat and collecting a gratifyingly large fee from an evening paper. The police set up their headquarters in a caravan in the garden of the cabin where Blomkvist was staying. The fall of the Bear Gang gave him the star billing that launched him as a young journalist. The downside of his celebrity was that the other evening newspaper could not resist using the headline Kalle Blomkvist solves the case. The tongueincheek story was written by an older female columnist and contained references to the young detective in Astrid Lindgrens books for children. To make matters worse, the paper had run the story with a grainy photograph of Blomkvist with his mouth half open even as he raised an index finger to point. It made no difference that Blomkvist had never in life used the name Carl. From that moment on, to his dismay, he was nicknamed Kalle Blomkvist by his peers—an epithet employed with taunting provocation, not unfriendly but not really friendly either. In spite of his respect for Astrid Lindgren—whose books he loved—he detested the nickname. It took him several years and far weightier journalistic successes before the nickname began to fade, but he still cringed if ever the name was used in his hearing. Right now he achieved a placid smile and said to the reporter from the evening paper: Oh come on, think of something yourself. You usually do. His tone was not unpleasant. They all knew each other, more or less, and Blomkvists most vicious critics had not come that morning. One of the journalists there had at one time worked with him. And at a party some years ago he had nearly succeeded in picking up one of the reporters—the woman from She on TV4. You took a real hit in there today, said the one from Dagens Nyheter, clearly a young parttimer. How does it feel? Despite the seriousness of the situation, neither Blomkvist nor the older journalists could help smiling. He exchanged glances with TV4. How does it feel? The halfwitted sports reporter shoves his microphone in the face of the Breathless Athlete on the finishing line.",
"chapter6" :"I can only regret that the court did not come to a different conclusion, he said a bit stuffily. Three months in gaol and 150,000 kronor damages. Thats pretty severe, said She from TV4. Ill survive. Are you going to apologise to Wennerström? Shake his hand? I think not. So you still would say that hes a crook? Dagens Nyheter. The court had just ruled that Blomkvist had libelled and defamed the financier HansErik Wennerström. The trial was over and he had no plans to appeal. So what would happen if he repeated his claim on the courthouse steps? Blomkvist decided that he did not want to find out. I thought I had good reason to publish the information that was in my possession. The court has ruled otherwise, and I must accept that the judicial process has taken its course. Those of us on the editorial staff will have to discuss the judgement before we decide what were going to do. I have no more to add. But how did you come to forget that journalists actually have to back up their assertions? She from TV4. Her expression was neutral, but Blomkvist thought he saw a hint of disappointed repudiation in her eyes. The reporters on site, apart from the boy from Dagens Nyheter, were all veterans in the business. For them the answer to that question was beyond the conceivable. I have nothing to add, he repeated, but when the others had accepted this TV4 stood him against the doors to the courthouse and asked her questions in front of the camera. She was kinder than he deserved, and there were enough clear answers to satisfy all the reporters still standing behind her. The story would be in the headlines but he reminded himself that they were not dealing with the media event of the year here. The reporters had what they needed and headed back to their respective newsrooms. He considered walking, but it was a blustery December day and he was already cold after the interview. As he walked down the courtroom steps, he saw William Borg getting out of his car. He must have been sitting there during the interview. Their eyes met, and then Borg smiled."
},

{"name":"Gone Girl", 
"author":"Gillian Flynn",
"genre":"Mystery" ,
"image":"img/mystery/GoneGirl.jpg",
"description": "Acoustic, electroacoustic and classical guitars, from leading brands in world.",
"chapter1" :"When I think of my wife, I always think of her head. The shape of it, to begin with. The very first time I saw her, it was the back of the head I saw, and there was something lovely about it, the angles of it. Like a shiny, hard corn kernel or a riverbed fossil. She had what the Victorians would call a finely shaped head. You could imagine the skull quite easily. Id know her head anywhere. And whats inside it. I think of that, too: her mind. Her brain, all those coils, and her thoughts shuttling through those coils like fast, frantic centipedes. Like a child, I picture opening her skull, unspooling her brain and sifting through it, trying to catch and pin down her thoughts. What are you thinking, Amy? The question Ive asked most often during our marriage, if not out loud, if not to the person who could answer. I suppose these questions stormcloud over every marriage: What are you thinking? How are you feeling? Who are you? What have we done to each other? What will we do? My eyes flipped open at exactly six a.m. This was no avian fluttering of the lashes, no gentle blink toward consciousness. The awakening was mechanical. A spooky ventriloquistdummy click of the lids: The world is black and then, showtime! 600 the clock said – in my face, first thing I saw. 600. It felt different. I rarely woke at such a rounded time. I was a man of jagged risings: 8:43, 11:51, 9:26. My life was alarmless. At that exact moment, 600, the sun climbed over the skyline of oaks, revealing its full summer angrygod self. Its reflection flared across the river toward our house, a long, blaring finger aimed at me through our frail bedroom curtains. Accusing: You have been seen. You will be seen. I wallowed in bed, which was our New York bed in our new house, which we still called the new house, even though wed been back here for two years. Its a rented house right along the Mississippi River, a house that screams Suburban Nouveau Riche, the kind of place I aspired to as a kid from my splitlevel, shagcarpet side of town. The kind of house that is immediately familiar: a generically grand, unchallenging, new, new, new house that my wife would – and did – detest. ", 
"chapter2" :"‘Should I remove my soul before I come inside? Her first line upon arrival. It had been a compromise: Amy demanded we rent, not buy, in my little Missouri hometown, in her firm hope that we wouldnt be stuck here long. But the only houses for rent were clustered in this failed development: a miniature ghost town of bankowned, recessionbusted, pricereduced mansions, a neighborhood that closed before it ever opened. It was a compromise, but Amy didnt see it that way, not in the least. To Amy, it was a punishing whim on my part, a nasty, selfish twist of the knife. I would drag her, cavemanstyle, to a town she had aggressively avoided, and make her live in the kind of house she used to mock. I suppose its not a compromise if only one of you considers it such, but that was what our compromises tended to look like. One of us was always angry. Amy, usually. Do not blame me for this particular grievance, Amy. The Missouri Grievance. Blame the economy, blame bad luck, blame my parents, blame your parents, blame the Internet, blame people who use the Internet. I used to be a writer. I was a writer who wrote about TV and movies and books. Back when people read things on paper, back when anyone cared about what I thought. Id arrived in New York in the late 90s, the last gasp of the glory days, although no one knew it then. New York was packed with writers, real writers, because there were magazines, real magazines, loads of them. This was back when the Internet was still some exotic pet kept in the corner of the publishing world – throw some kibble at it, watch it dance on its little leash, oh quite cute, it definitely wont kill us in the night. Think about it: a time when newly graduated college kids could come to New York and get paid to write.We had no clue that we were embarking on careers that would vanish within a decade. I had a job for eleven years and then I didnt, it was that fast. All around the country, magazines began shuttering, succumbing to a sudden infection brought on by the busted economy. Writers (my kind of writers: aspiring novelists, ruminative thinkers, people whose brains dont work quick enough to blog or link or tweet, basically old, stubborn blowhards) were through. We were like womens hat makers or buggywhip manufacturers: Our time was done. Three weeks after I got cut loose, Amy lost her job, such as it was. (Now I can feel Amy looking over my shoulder, smirking at the time Ive spent discussing my career, my misfortune, and dismissing her experience in one sentence. That, she would tell you, is typical. Just like Nick, she would say. It was a refrain of hers: Just like Nick to  Whatever followed, whatever was just like me, was bad.) Two jobless grownups, we spent weeks wandering around our Brooklyn Brownstone in socks and pajamas, ignoring the future, strewing unopened mail across tables and sofas, eating ice cream at ten a.m. and taking thick afternoon naps.",
"chapter3" :"Then one day the phone rang. My twin sister was on the other end. Margo had moved back home after her own layoff a year before – the girl is one step ahead of me in everything, even shitty luck. Margo, calling from good ole North Carthage, Missouri, from the house where we grew up, and as I listened to her voice, I saw her at age ten, with a dark cap of hair and overall shorts, sitting on our grandparents back dock, her body slouched over like an old pillow, her skinny legs dangling in the water, watching the river flow over fishwhite feet, so intently, utterly selfpossessed even as a child. Gos voice was warm and crinkly even as she gave this cold news: Our indomitable mother was dying. Our dad was nearly gone – his (nasty) mind, his (miserable) heart, both murky as he meandered toward the great gray beyond. But it looked like our mother would beat him there. About six months, maybe a year, she had. I could tell that Go had gone to meet with the doctor by herself, taken her studious notes in her slovenly handwriting, and she was teary as she tried to decipher what shed written. Dates and doses. ‘Well, fuck, I have no idea what this says, is it a nine? Does that even make sense? she said, and I interrupted. Here was a task, a purpose, held out on my sisters palm like a plum. I almost cried with relief. ‘Ill come back, Go. Well move back home. You shouldnt have to do this all by yourself. She didnt believe me. I could hear her breathing on the other end. ‘Im serious, Go. Why not? Theres nothing here. A long exhale. ‘What about Amy? That is what I didnt take long enough to consider. I simply assumed I would bundle up my New York wife with her New York interests, her New York pride, and remove her from her New York parents – leave the frantic, thrilling futureland of Manhattan behind – and transplant her to a little town on the river in Missouri, and all would be fine. I did not yet understand how foolish, how optimistic, how, yes, just like Nick I was for thinking this. The misery it would lead to. ",
"chapter4" :"‘Amy will be fine. Amy  Here was where I should have said, ‘Amy loves Mom. But I couldnt tell Go that Amy loved our mother, because after all that time, Amy still barely knew our mother. Their few meetings had left them both baffled. Amy would dissect the conversations for days after – ‘And what did she mean by  , as if my mother were some ancient peasant tribeswoman arriving from the tundra with an armful of raw yak meat and some buttons for bartering, trying to get something from Amy that wasnt on offer. Amy didnt care to know my family, didnt want to know my birthplace, and yet for some reason, I thought moving home would be a good idea. My morning breath warmed the pillow, and I changed the subject in my mind. Today was not a day for secondguessing or regret, it was a day for doing. Downstairs, I could hear the return of a longlost sound: Amy making breakfast. Banging wooden cupboards (rumpthump!), rattling containers of tin and glass (dingring!), shuffling and sorting a collection of metal pots and iron pans (ruzzshuzz!). Aculinary orchestra tuning up, clattering vigorously toward the finale, a cake pan drumrolling along the floor, hitting the wall with a cymballic crash. Something impressive was being created, probably a crepe, because crepes are special, and today Amy would want to cook something special. It was our fiveyear anniversary. I walked barefoot to the edge of the steps and stood listening, working my toes into the plush walltowall carpet Amy detested on principle, as I tried to decide whether I was ready to join my wife. Amy was in the kitchen, oblivious to my hesitation. She was humming something melancholy and familiar. I strained to make it out – a folk song? a lullabye? – and then realised it was the theme to M.A.S.H. Suicide is painless. I went downstairs. I hovered in the doorway, watching my wife. Her yellowbutter hair was pulled up, the hank of ponytail swinging cheerful as a jumprope, and she was sucking distractedly on a burnt fingertip, humming around it. She hummed to herself because she was an unrivaled botcher of lyrics. When we were first dating, a Genesis song came on the radio: ‘She seems to have an invisible touch, yeah. And Amy crooned instead, ‘She takes my hat and puts it on the top  shelf. When I asked her why shed ever think her lyrics were remotely, possibly, vaguely right, she told me she always thought the woman in the song truly loved the man because she put his hat on the top shelf. I knew I liked her then, really liked her, this girl with an explanation for everything. Theres something disturbing about recalling a warm memory and feeling utterly cold.",
"chapter5" :"Amy peered at the crepe sizzling in the pan and licked something off her wrist. She looked triumphant, wifely. If I took her in my arms, she would smell like berries and powdered sugar. When she spied me lurking there in grubby boxers, my hair in full Heat Miser spike, she leaned against the kitchen counter and said, ‘Well, hello, handsome. Bile and dread inched up my throat. I thought to myself: Okay, go. I was very late getting to work. My sister and I had done a foolish thing when we both moved back home. We had done what we always talked about doing. We opened a bar. We borrowed money from Amy to do this, eighty thousand dollars, which was once nothing to Amy but by then was almost everything. I swore I would pay her back, with interest. I would not be a man who borrowed from his wife – I could feel my dad twisting his lips at the very idea. Well, there are all kinds of men, his most damning phrase, the second half left unsaid, and you are the wrong kind. But truly, it was a practical decision, a smart business move. Amy and I both needed new careers; this would be mine. She would pick one someday, or not, but in the meantime, here was an income, made possible by the last of Amys trust fund. Like the McMansion I rented, the bar featured symbolically in my childhood memories – a place where only grownups go, and do whatever grownups do. Maybe thats why I was so insistent on buying it after being stripped of my livelihood. Its a reminder that I am, after all, an adult, a grown man, a useful human being, even though I lost the career that made me all these things. I wont make that mistake again: The once plentiful herds of magazine writers would continue to be culled – by the Internet, by the recession, by the American public, who would rather watch TV or play video games or electronically inform friends that, like, rain sucks! But theres no app for a bourbon buzz on a warm day in a cool, dark bar. The world will always want a drink. Our bar is a corner bar with a haphazard, patchwork aesthetic. Its best feature is a massive Victorian back bar, dragon heads and angel faces emerging from the oak – an extravagant work of wood in these shitty plastic days. The remainder of the bar is, in fact, shitty, a showcase of the shabbiest design offerings of every decade: an Eisenhowerera linoleum floor, the edges turned up like burnt toast; dubious woodpaneled walls straight from a 70s homeporn video; halogen floor lamps, an accidental tribute to my 1990s dorm room. The ultimate effect is strangely homey – it looks less like a bar than someones benignly neglected fixerupper. And jovial: We share a parking lot with the local bowling alley, and when our door swings wide, the clatter of strikes applauds the customers entrance. We named the bar The Bar. ‘People will think were ironic instead of creatively bankrupt, my sister reasoned. ",
"chapter6" :"Yes, we thought we were being clever New Yorkers – that the name was a joke no one else would really get, not get like we did. Not metaget.We pictured the locals scrunching their noses: Whyd you name it The Bar? But our first customer, a grayhaired woman in bifocals and a pink jogging suit, said, ‘I like the name. Like in Breakfast at Tiffanys and Audrey Hepburns cat was named Cat. We felt much less superior after that, which was a good thing. I pulled in to the parking lot. I waited until a strike erupted from the bowling alley – thank you, thank you, friends – then stepped out of the car. I admired the surroundings, still not bored with the brokenin view: the squatty blondbrick post office across the street (now closed on Saturdays), the unassuming beige office building just down the way (now closed, period). The town wasnt prosperous by a long shot. Hell, it wasnt even original, being one of two Carthage, Missouris – ours is technically North Carthage, which makes it sound like a twin city, although its hundreds of miles from the other and the lesser of the two: a quaint little 1950s town that bloated itself into a basic midsize suburb and dubbed it progress. Still, it was where my mom grew up and where she raised me and Go, so it had some history. Mine, at least. As I walked toward the bar across the concreteandweed parking lot, I looked straight down the road and saw the river. Thats what Ive always loved about our town: We arent built on some safe bluff overlooking the Mississippi – we are on the Mississippi. I could walk down the road and step right into the sucker, an easy threefoot drop, and be on my way to Tennessee. Every building downtown bears handdrawn lines from where the river hit during the Flood of 61,75, 84, 93, 07, 08, 11. And so on. The river wasnt swollen now, but it was running urgently, in  strong ropy currents. Moving apace with the river was a long singlefile line of men, eyes aimed at their feet, shoulders tense, walking steadfastly nowhere. As I watched them, one suddenly looked up at me, his face in shadow, an oval blackness. I turned away. I felt an immediate, intense need to get inside. By the time Id gone twenty feet, my neck bubbled with sweat. The sun was still an angry eye in the sky. You have been seen. My gut twisted, and I moved quicker. I needed a drink."
},

{"name":"Paper Towns", 
"author":"John Green", 
"genre":"Mystery" ,
"image":"img/mystery/PaperTowns.jpg",
"description": "Acoustic, electroacoustic and classical guitars, from leading brands in world.",
"chapter1" :"The way I figure it, everyone gets a miracle. Like, I will probably never be struck by lightning, or win a Nobel Prize, or become the dictator of a small nation in the Pacific Islands, or contract terminal ear cancer, or spontaneously combust. But if you consider all the unlikely things together, at least one of them will probably happen to each of us. I could have seen it rain frogs. I could have stepped foot on Mars. I could have been eaten by a whale. I could have married the queen of England or survived months at sea. But my miracle was different. My miracle was this: out of all the houses in all the subdivisions in all of Florida, I ended up living next door to Margo Roth Spiegelman. Our subdivision, Jefferson Park, used to be a navy base. But then the navy didnt need it anymore, so it returned the land to the citizens of Orlando, Florida, who decided to build a massive subdivision, because thats what Florida does with land. My parents and Margos parents ended up moving next door to one another just after the first houses were built. Margo and I were two. Before Jefferson Park was a Pleasantville, and before it was a navy base, it belonged to an actual Jefferson, this guy Dr. Jefferson Jefferson. Dr. Jefferson Jefferson has a school named after him in Orlando and also a large charitable foundation, but the fascinating and unbelievablebuttrue thing about Dr. Jefferson Jefferson is that he was not a doctor of any kind. He was just an orange juice salesman named Jefferson Jefferson. When he became rich and powerful, he went to court, made Jefferson his middle name, and then changed his first name to Dr. Capital D. Lowercase r. Period.",
"chapter2" :"So Margo and I were nine. Our parents were friends, so we would sometimes play together, biking past the culdesacced streets to Jefferson Park itself, the hub of our subdivisions wheel. I always got very nervous whenever I heard that Margo was about to show up, on account of how she was the most fantastically gorgeous creature that God had ever created. On the morning in question, she wore white shorts and a pink Tshirt that featured a green dragon breathing a fire of orange glitter. It is difficult to explain how awesome I found this Tshirt at the time. Margo, as always, biked standing up, her arms locked as she leaned above the handlebars, her purple sneakers a circuitous blur. It was a steamhot day in March. The sky was clear, but the air tasted acidic, like it might storm later. At the time, I fancied myself an inventor, and after we locked up our bikes and began the short walk across the park to the playground, I told Margo about an idea I had for an invention called the Ringolator. The Ringolator was a gigantic cannon that would shoot big, colored rocks into a very low orbit, giving Earth the same sort of rings that Saturn has. (I still think this would be a fine idea, but it turns out that building a cannon that can shoot boulders into a low orbit is fairly complicated.) Id been in this park so many times before that it was mapped in my mind, so we were only a few steps inside when I began to sense that the world was out of order, even though I couldnt immediately figure out what was different. Quentin, Margo said quietly, calmly. She was pointing. And then I realized what was different. There was a live oak a few feet ahead of us. Thick and gnarled and ancientlooking. That was not new. The playground on our right. Not new, either. But now, a guy wearing a gray suit, slumped against the trunk of the oak tree. Not moving. This was new. He was encircled by blood; a halfdried fountain of it poured out of his mouth. The mouth open in a way that mouths generally shouldnt be. Flies at rest on his pale forehead.",
"chapter3" :"Hes dead, Margo said, as if I couldnt tell. I took two small steps backward. I remember thinking that if I made any sudden movements, he might wake up and attack me. Maybe he was a zombie. I knew zombies werent real, but he sure looked like a potential zombie. As I took those two steps back, Margo took two equally small and quiet steps forward. His eyes are open, she said. Wegottagohome, I said. I thought you closed your eyes when you died, she said. Margowegottagohomeandtell. She took another step. She was close enough now to reach out and touch his foot. What do you think happened to him? she asked. Maybe it was drugs or something. I didnt want to leave Margo alone with the dead guy who might be an attack zombie, but I also didnt care to stand around and chat about the circumstances of his demise. I gathered my courage and stepped forward to take her hand. Margowegottagorightnow! Okay, yeah, she said. We ran to our bikes, my stomach churning with something that felt exactly like excitement, but wasnt. We got on our bikes and I let her go in front of me because I was crying and didnt want her to see. I could see blood on the soles of her purple sneakers. His blood. The dead guy blood. And then we were back home in our separate houses. My parents called 911, and I heard the sirens in the distance and asked to see the fire trucks, but my mom said no. Then I took a nap. Both my parents are therapists, which means that I am really goddamned well adjusted. So when I woke up, I had a long conversation with my mom about the cycle of life, and how death is part of life, but not a part of life I needed to be particularly concerned about at the age of nine, and I felt better. Honestly, I never worried about it much. Which is saying something, because I can do some worrying. Heres the thing: I found a dead guy. Little, adorable nineyearold me and my even littler and more adorable playdate found a guy with blood pouring out of his mouth, and that blood was on her little, adorable sneakers as we biked home. Its all very dramatic and everything, but so what? I didnt know the guy. People I dont know die all the damned time. If I had a nervous breakdown every time something awful happened in the world, Id be crazier than a shithouse rat. That night, I went into my room at nine oclock to go to bed, because nine oclock was my bedtime. My mom tucked me in, told me she loved me, and I said, See you tomorrow, and she said, See you tomorrow, and then she turned out the lights and closed the door almostalltheway. As I turned on my side, I saw Margo Roth Spiegelman standing outside my window, her face almost pressed against the screen. I got up and opened the window, but the screen stayed between us, pixelating her. ",
"chapter4" :"I did an investigation, she said quite seriously. Even up close the screen broke her face apart, but I could tell that she was holding a little notebook and a pencil with teeth marks around the eraser. She glanced down at her notes. Mrs. Feldman from over on Jefferson Court said his name was Robert Joyner. She told me he lived on Jefferson Road in one of those condos on top of the grocery store, so I went over there and there were a bunch of policemen, and one of them asked if I worked at the school paper, and I said our school didnt have a paper, and he said as long as I wasnt a journalist he would answer my questions. He said Robert Joyner was thirtysix years old. A lawyer. They wouldnt let me in the apartment, but a lady named Juanita Alvarez lives next door to him, and I got into her apartment by asking if I could borrow a cup of sugar, and then she said that Robert Joyner had killed himself with a gun. And then I asked why, and then she told me that he was getting a divorce and was sad about it. She stopped then, and I just looked at her, her face gray and moonlit and split into a thousand little pieces by the weave of the window screen. Her wide, round eyes flitted back and forth from her notebook to me. Lots of people get divorces and dont kill themselves, I said. I know, she said, excitement in her voice. Thats what I told Juanita Alvarez. And then she said Margo flipped the notebook page. She said that Mr. Joyner was troubled. And then I asked what that meant, and then she told me that we should just pray for him and that I needed to take the sugar to my mom, and I said forget the sugar and left. I said nothing again. I just wanted her to keep talking—that small voice tense with the excitement of almost knowing things, making me feel like something important was happening to me. I think I maybe know why, she finally said. Why? Maybe all the strings inside him broke, she said. While I tried to think of something to say in answer to that, I reached forward and pressed the lock on the screen between us, dislodging it from the window. I placed the screen on the floor, but she didnt give me a chance to speak. Before I could sit back down, she just raised her face up toward me and whispered, Shut the window. So I did. I thought she would leave, but she just stood there, watching me. I waved at her and smiled, but her eyes seemed fixed on something behind me, something monstrous that had already drained the blood from her face, and I felt too afraid to turn around to see. But there was nothing behind me, of course—except maybe the dead guy. I stopped waving. My head was level with hers as we stared at each other from opposite sides of the glass. I dont remember how it ended—if I went to bed or she did. In my memory, it doesnt end. We just stay there, looking at each other, forever. Margo always loved mysteries. And in everything that came afterward, I could never stop thinking that maybe she loved mysteries so much that she became one. ",
"chapter5" :"The longest day of my life began tardily. I woke up late, took too long in the shower, and ended up having to enjoy my breakfast in the passenger seat of my moms minivan at 7:17 that Wednesday morning. I usually got a ride to school with my best friend, Ben Starling, but Ben had gone to school on time, making him useless to me. On time for us was thirty minutes before school actually started, because the half hour before the first bell was the highlight of our social calendars: standing outside the side door that led into the band room and just talking. Most of my friends were in band, and most of my free time during school was spent within twenty feet of the band room. But I was not in the band, because I suffer from the kind of tone deafness that is generally associated with actual deafness. I was going to be twenty minutes late, which technically meant that Id still be ten minutes early for school itself. As she drove, Mom was asking me about classes and finals and prom. I dont believe in prom, I reminded her as she rounded a corner. I expertly angled my raisin bran to accommodate the gforces. Id done this before. Well, theres no harm in just going with a friend. Im sure you could ask Cassie Hiney. And I could have asked Cassie Hiney, who was actually perfectly nice and pleasant and cute, despite having a fantastically unfortunate last name. Its not just that I dont like prom. I also dont like people who like prom, I explained, although this was, in point of fact, untrue. Ben was absolutely gaga over the idea of going. Mom turned into school, and I held the mostly empty bowl with both hands as we drove over a speed bump. I glanced over at the senior parking lot. Margo Roth Spiegelmans silver Honda was parked in its usual spot. Mom pulled the minivan into a culdesac outside the band room and kissed me on the cheek. I could see Ben and my other friends standing in a semicircle. I walked up to them, and the half circle effortlessly expanded to include me. They were talking about my exgirlfriend Suzie Chung, who played cello and was apparently creating quite a stir by dating a baseball player named Taddy Mac. Whether this was his given name, I did not know. But at any rate, Suzie had decided to go to prom with Taddy Mac. Another casualty. Bro, said Ben, standing across from me. He nodded his head and turned around. I followed him out of the circle and through the door. A small, oliveskinned creature who had hit puberty but never hit it very hard, Ben had been my best friend since fifth grade, when we both finally owned up to the fact that neither of us was likely to attract anyone else as a best friend. Plus, he tried hard, and I liked that—most of the time. How ya doin? I asked. We were safely inside, everyone elses conversations making ours inaudible. Radar is going to prom, he said morosely. Radar was our other best friend. We called him Radar because he looked like a little bespectacled guy called Radar on this old TV show M*A*S*H, except 1. The TV Radar wasnt black, and 2. At some point after the nicknaming, our Radar grew about six inches and started wearing contacts, so I suppose that 3. He actually didnt look like the guy on M*A*S*H at all, but 4. With three and a half weeks left of high school, we werent very well going to renickname him. ",
"chapter6" :"That girl Angela? I asked. Radar never told us anything about his love life, but this did not dissuade us from frequent speculation. Ben nodded, and then said, You know my big plan to ask a freshbunny to prom because theyre the only girls who dont know the Bloody Ben story? I nodded. Well, Ben said, this morning some darling little ninthgrade honeybunny came up to me and asked me if I was Bloody Ben, and I began to explain that it was a kidney infection, and she giggled and ran away. So thats out. In tenth grade, Ben was hospitalized for a kidney infection, but Becca Arrington, Margos best friend, started a rumor that the real reason he had blood in his urine was due to chronic masturbation. Despite its medical implausibility, this story had haunted Ben ever since. That sucks, I said. Ben started outlining plans for finding a date, but I was only half listening, because through the thickening mass of humanity crowding the hallway, I could see Margo Roth Spiegelman. She was next to her locker, standing beside her boyfriend, Jase. She wore a white skirt to her knees and a blue print top. I could see her collarbone. She was laughing at something hysterical—her shoulders bent forward, her big eyes crinkling at their corners, her mouth open wide. But it didnt seem to be anything Jase had said, because she was looking away from him, across the hallway to a bank of lockers. I followed her eyes and saw Becca Arrington draped all over some baseball player like she was an ornament and he a Christmas tree. I smiled at Margo, even though I knew she couldnt see me. Bro, you should just hit that. Forget about Jase. God, that is one candycoated honeybunny. As we walked, I kept taking glances at her through the crowd, quick snapshots: a photographic series entitled Perfection Stands Still While Mortals Walk Past. As I got closer, I thought maybe she wasnt laughing after all. Maybe shed received a surprise or a gift or something. She couldnt seem to close her mouth. Yeah, I said to Ben, still not listening, still trying to see as much of her as I could without being too obvious. It wasnt even that she was so pretty. She was just so awesome, and in the literal sense. And then we were too far past her, too many people walking between her and me, and I never even got close enough to hear her speak or understand whatever the hilarious surprise had been. Ben shook his head, because he had seen me see her a thousand times, and he was used to it. Honestly, shes hot, but shes not that hot. You know whos seriously hot? Who? I asked. Lacey, he said, who was Margos other best friend. Also your mom. Bro, I saw your mom kiss you on the cheek this morning, and forgive me, but I swear to God I was like, man, I wish I was Q. And also, I wish my cheeks had penises. I elbowed him in the ribs, but I was still thinking about Margo, because she was the only legend who lived next door to me. Margo Roth Spiegelman, whose sixsyllable name was often spoken in its entirety with a kind of quiet reverence. Margo Roth Spiegelman, whose stories of epic adventures would blow through school like a summer storm: an old guy living in a brokendown house in Hot Coffee, Mississippi, taught Margo how to play the guitar. Margo Roth Spiegelman, who spent three days traveling with the circus—they thought she had potential on the trapeze. Margo Roth Spiegelman, who drank a cup of herbal tea with the Mallionaires backstage aftera concert in St. Louis while they drank whiskey. Margo Roth Spiegelman, who got into that concert by telling the bouncer she was the bassists girlfriend, and didnt they recognize her, and come on guys seriously, my name is Margo Roth Spiegelman and if you go back there and ask the bassist to take one look at me, he will tell you that I either am his girlfriend or he wishes I was, and then the bouncer did so, and then the bassist said yeah thats my girlfriend let her in the show, and then later the bassist wanted to hook up with her and she rejected the bassist from the Mallionaires. The stories, when they were shared, inevitably ended with, I mean, can you believe it? We often could not, but they always proved true. And then we were at our lockers. Radar was leaning against Bens locker, typing into a handheld device. So youre going to prom, I said to him. He looked up, and then looked back down. Im devandalizing the Omnictionary article about a former prime minister of France. Last night someone deleted the entire entry and then replaced it with the sentence ‘Jacques Chirac is a gay, which as it happens is incorrect both factually and grammatically. Radar is a bigtime editor of this online usercreated reference source called Omnictionary. His whole life is devoted to the maintenance and wellbeing of Omnictionary. This was but one of several reasons why his having a prom date was somewhat surprising. So youre going to prom, I repeated.Sorry, he said without looking up. It was a wellknown fact that I was opposed to prom. Absolutelynothing about any of it appealed to me—not slow dancing, not fast dancing, not the dresses, and definitely not the rented tuxedo. Renting a tuxedo seemed to me an excellent way to contract some hideous disease from its previous tenant, and I did not aspire to become the worlds only virgin with pubic lice. Bro, Ben said to Radar, the freshhoneys know about the Bloody Ben story. Radar put the handheld away finally and nodded sympathetically. So anyway, Ben continued, my two remaining strategies are either to purchase a prom date on the Internet or fly to Missouri and kidnap some nice cornfed little honeybunny. Id tried telling Ben that honeybunny sounded more sexist and lame than retrocool, but he refused to abandon the practice. He called his own mother a honeybunny. There was no fixing him. Ill ask Angela if she knows anybody, Radar said. Although getting you a date to prom will be harder than turning lead into gold. Getting you a date to prom is so hard that the hypothetical idea itself is actually used to cut diamonds, I added."
},

{"name":"Deception Point", 
"author":"Dan Brown", 
"genre":"Mystery" ,
"image":"img/mystery/DeceptionPoint.jpg",
"description": "Acoustic, electroacoustic and classical guitars, from leading brands in world.",
"chapter1" :"Death, in this forsaken place, could come in countless forms. Geologist Charles Brophy had endured the savage splendor of this terrain for years, and yet nothing could prepare him for a fate as barbarous and unnatural as the one about to befall him. As Brophys four huskies pulled his sled of geologic sensing equipment across the tundra, the dogs suddenly slowed, looking skyward. What is it, girls? Brophy asked, stepping off the sled. Beyond the gathering storm clouds, a twinrotor transport helicopter arched in low, hugging the glacial peaks with military dexterity. Thats odd, he thought. He never saw helicopters this far north. The aircraft landed fifty yards away, kicking up a stinging spray of granulated snow. His dogs whined, looking wary. When the chopper doors slid open, two men descended. They were dressed in fullweather whites, armed with rifles, and moved toward Brophy with urgent intent. Dr. Brophy? one called. The geologist was baffled. How did you know my name? Who are you? Take out your radio, please. Im sorry? Just do it. The men did not respond. As the chopper rose to four thousand feet, it banked steeply out over a series of ice chasms and crevasses. Suddenly, the men stood. Without a word, they gripped the heavily laden sled and pushed it out the open door. Brophy watched in horror as his dogs scrambled in vain against the enormous weight. In an instant the animals disappeared, dragged howling out of the chopper. Brophy was already on his feet screaming when the men grabbed him. They hauled him to the door. Numb with fear, Brophy swung his fists, trying to fend off the powerful hands pushing him outward. It was no use. Moments later he was tumbling toward the chasms below.",
"chapter2" :"Toulos Restaurant, adjacent to Capitol Hill, boasts a politically incorrect menu of baby veal and horse carpaccio, making it an ironic hotspot for the quintessential Washingtonian power breakfast. This morning Toulos was busy—a cacophony of clanking silverware, espresso machines, and cellphone conversations. The maitre d was sneaking a sip of his morning Bloody Mary when the woman entered. He turned with a practiced smile. Good morning, he said. May I help you? The woman was attractive, in her midthirties, wearing gray, pleated flannel pants, conservative flats, and an ivory Laura Ashley blouse. Her posture was straight—chin raised ever so slightly—not arrogant, just strong. The womans hair was light brown and fashioned in Washingtons most popular style—the anchorwoman— a lush feathering, curled under at the shoulders…long enough to be sexy, but short enough to remind you she was probably smarter than you. Im a little late, the woman said, her voice unassuming. I have a breakfast meeting with Senator Sexton. The maitre d felt an unexpected tingle of nerves. Senator Sedgewick Sexton. The senator was a regular here and currently one of the countrys most famous men. Last week, having swept all twelve Republican primaries on Super Tuesday, the senator was virtually guaranteed his partys nomination for President of the United States. Many believed the senator had a superb chance of stealing the White House from the embattled President next fall. Lately Sextons face seemed to be on every national magazine, his campaign slogan plastered all across America: Stop spending. Start mending. Senator Sexton is in his booth, the maitre d said. And you are? Rachel Sexton. His daughter. How foolish of me, he thought. The resemblance was quite apparent. The woman had the senators penetrating eyes and refined carriage—that polished air of resilient nobility. Clearly the senators classic good looks had not skipped generations, although Rachel Sexton seemed to carry her blessings with a grace and humility her father could learn from. A pleasure to have you, Ms. Sexton. As the maitre d led the senators daughter across the dining area, he was embarrassed by the gauntlet of male eyes following her…some discreet, others less so. Few women dined at Toulos and even fewer who looked like Rachel Sexton. Nice body, one diner whispered. Sexton already find himself a new wife? Thats his daughter, you idiot, another replied. The man chuckled. Knowing Sexton, hed probably screw her anyway. When Rachel arrived at her fathers table, the senator was on his cellphone talking loudly about one of his recent successes. He glanced up at Rachel only long enough to tap his Cartier and remind her she was late. I missed you, too, Rachel thought. Her fathers first name was Thomas, although hed adopted his middle name long ago. Rachel suspected it was because he liked the alliteration. Senator Sedgewick Sexton. The man was a silverhaired, silvertongued political animal who had been anointed with the slick look of soap opera doctor, which seemed appropriate considering his talents of impersonation",
"chapter3" :"Rachel! Her father clicked off his phone and stood to kiss her cheek. Hi, Dad. She did not kiss him back. You look exhausted. And so it begins, she thought. I got your message. Whats up? I cant ask my daughter out for breakfast? Rachel had learned long ago her father seldom requested her company unless he had some ulterior motive. Sexton took a sip of coffee. So, how are things with you? Busy. I see your campaigns going well. Oh, lets not talk business. Sexton leaned across the table, lowering his voice. Hows that guy at the State Department I set you up with? Rachel exhaled, already fighting the urge to check her watch. Dad, I really havent had time to call him. And I wish youd stop trying to— Youve got to make time for the important things, Rachel. Without love, everything else is meaningless. A number of comebacks came to mind, but Rachel chose silence. Being the bigger person was not difficult when it came to her father. Dad, you wanted to see me? You said this was important. The senator smiled, dabbing his mouth with a napkin. My pleasure, Ralph. Just make it quick. I dont want my coffee getting cold. The reporter laughed on cue. Of course, sir. He pulled out a minirecorder and turned it on. Senator, your television ads call for legislation ensuring equal salaries for women in the workplace…as well as for tax cuts for new families. Can you comment on your rationale? Sure. Im simply a huge fan of strong women and strong families. Rachel practically choked on her croissant. And on the subject of families, the reporter followed up, you talk a lot about education. Youve proposed some highly controversial budget cuts in an effort to allocate more funds to our nations schools. I believe the children are our future. Rachel could not believe her father had sunk to quoting pop songs. Finally, sir, the reporter said, youve taken an enormous jump in the polls these past few weeks. The President has got to be worried. Any thoughts on your recent success? I think it has to do with trust. Americans are starting to see that the President cannot be trusted to make the tough decisions facing this nation. Runaway government spending is putting this country deeper in debt every day, and",
"chapter4" :"Americans are starting to realize that its time to stop spending and start mending. Like a stay of execution from her fathers rhetoric, the pager in Rachels handbag went off. Normally the harsh electronic beeping was an unwelcome interruption, but at the moment, it sounded almost melodious. The senator glared indignantly at having been interrupted. Rachel fished the pager from her handbag and pressed a preset sequence of five buttons, confirming that she was indeed the person holding the pager. The beeping stopped, and the LCD began blinking. In fifteen seconds she would receive a secure text message. The reporters eyes widened. He clicked off his recorder, hiding a grin. Thank you both. He disappeared. Rachel immediately regretted the outburst. She had inherited her fathers temper, and she hated him for it. Smooth, Rachel. Very smooth. Her father glared disapprovingly. Youd do well to learn some poise. Rachel began collecting her things. This meeting is over. The senator was apparently done with her anyway. He pulled out his cellphone to make a call. Bye, sweetie. Stop by the office one of these days and say hello. And get married, for Gods sake. Youre thirtythree years old. Thirtyfour, she snapped. Your secretary sent a card. He clucked ruefully. Thirtyfour. Almost an old maid. You know by the time I was thirtyfour, Id already— Married Mom and screwed the neighbor? The words came out louder than Rachel had intended, her voice hanging naked in an illtimed lull. Diners nearby glanced over. Senator Sextons eyes flashfroze, two icecrystals boring into her. You watch yourself, young lady. Rachel headed for the door. No, you watch yourself, senator.",
"chapter5" :"The three men sat in silence inside their ThermaTech storm tent. Outside, an icy wind buffeted the shelter, threatening to tear it from its moorings. None of the men took notice; each had seen situations far more threatening than this one. Their tent was stark white, pitched in a shallow depression, out of sight. Their communication devices, transport, and weapons were all stateoftheart. The group leader was codenamed DeltaOne. He was muscular and lithe with eyes as desolate as the topography on which he was stationed. The military chronograph on DeltaOnes wrist emitted a sharp beep. The sound coincided in perfect unison with beeps emitted from the chronographs worn by the other two men. Another thirty minutes had passed. It was time. Again. Reflexively, DeltaOne left his two partners and stepped outside into the darkness and pounding wind. He scanned the moonlit horizon with infrared binoculars. As always, he focused on the structure. It was a thousand meters away—an enormous and unlikely edifice rising from the barren terrain. He and his team had been watching it for ten days now, since its construction. DeltaOne had no doubt that the information inside would change the world. Lives already had been lost to protect it. At the moment, everything looked quiet outside the structure. The true test, however, was what was happening inside. DeltaOne reentered the tent and addressed his two fellow soldiers. Time for a flyby. Both men nodded. The taller of them, DeltaTwo, opened a laptop computer and turned it on. Positioning himself in front of the screen, DeltaTwo placed his hand on a mechanical joystick and gave it a short jerk. A thousand meters away, hidden deep within the building, a surveillance robot the size of a mosquito received his transmission and sprang to life.",
"chapter6" :"Highway. The bare maples of the Falls Church foothills rose stark against a crisp March sky, but the peaceful setting did little to calm her anger. Her fathers recent surge in the polls should have endowed him with a modicum of confident grace, and yet it seemed only to fuel his selfimportance. The mans deceit was doubly painful because he was the only immediate family Rachel had left. Rachels mother had died three years ago, a devastating loss whose emotional scars still raked at Rachels heart. Rachels only solace was knowing that the death, with ironic compassion, had liberated her mother from a deep despair over a miserable marriage to the senator. Rachels pager beeped again, pulling her thoughts back to the road in front of her. The incoming message was the same. Two minutes later, Rachel had parked and crossed the manicured grounds to the main entrance, where a carved granite sign announced NATIONAL RECONNAISSANCE OFFICE (NRO) The two armed Marines flanking the bulletproof revolving door stared straight ahead as Rachel passed between them. She felt the same sensation she always felt as she pushed through these doors…that she was entering the belly of a sleeping giant. Inside the vaulted lobby, Rachel sensed the faint echoes of hushed conversations all around her, as if the words were sifting down from the offices above. An enormous tiled mosaic proclaimed the NRO directive: ENABLING U.S. GLOBAL INFORMATION SUPERIORITY, DURING PEACE AND THROUGH WAR. The walls here were lined with massive photographs—rocket launches, submarine christenings, intercept installations—towering achievements that could be celebrated only within these walls. Now, as always, Rachel felt the problems of the outside world fading behind her. She was entering the shadow world. A world where the problems thundered in like freight trains, and the solutions were meted out with barely a whisper. As Rachel approached the final checkpoint, she wondered what kind of problem had caused her pager to ring twice in the last thirty minutes. Good morning, Ms. Sexton. The guard smiled as she approached the steel doorway."
},

{"name":"The Firm",
"author":"John Grisham", 
"genre":"Mystery" ,
"image":"img/mystery/TheFirm.jpg",
"description": "Acoustic, electroacoustic and classical guitars, from leading brands in world.",
"chapter1" :"The senior partner studied the resume for the hundredth time and again found nothing he disliked about Mitchell Y. McDeere, at least not on paper. He had the brains, the ambition, the good looks. And he was hungry; with his background, he had to be. He was married, and that was mandatory. The Firm had never hired an unmarried lawyer, and it frowned heavily on divorce, as well as womanizing and drinking. Drug testing was in the contract. He had a degree in accounting, passed the CPA exam the first time he took it and wanted to be a tax lawyer, which of course was a requirement with a tax firm. He was white, and The Firm had never hired a black. They managed this by being secretive and clubbish and never soliciting job applications. Other firms solicited, and hired blacks. This firm recruited, and remained lily white. Plus, The Firm was in Memphis, of all places, and the top blacks wanted New York or Washington or Chicago. McDeere was a male, and there were no women in. That mistake had been made in the midseventies when they recruited the number one grad from Harvard, who happened to be a she and a wizard at taxation. She lasted four turbulent years and was killed in a car wreck. He looked good, on paper. He was their top choice. In fact, for this year there were no other prospects. The list was very short. It was McDeere or no one. The managing partner, Royce McKnight, studied a dossier labeled: Mitchell Y. McDeere, Harvard An inch thick with small print and a few photographs, it had been prepared by some ex CIA agents in a private intelligence outfit in Bethesda. They were clients of and each year did the investigating for no fee. It was easy work, they said, checking out unsuspecting law students. They learned, for instance, that he preferred to leave the Northeast, that he was holding three job offers, two in New York and one in Chicago, and that the highest offer was $76,000 and the lowest was $68,000. He was in demand. He had been given the opportunity to cheat on a securities exam during his second year. He declined, and made the highest grade in the class. Two months ago he had been offered cocaine at a law school party. He said No and left when everyone began snorting. He drank an occasional beer, but drinking was expensive and he had no money. He owed close to $23,000 in student loans. He was hungry. Royce McKnight flipped through the dossier and smiled. McDeere was their man. Lamar Quin was thirtytwo and not yet a partner. He had been brought along to look young and act young and project a youthful image for Bendini, Lambert & Locke, which in fact was a young firm, since most of the partners retired in their late forties or early fifties with money to burn. He would make partner in this firm. With a sixfigure income guaranteed for the rest of his life, Lamar could enjoy the twelvehundreddollar tailored suits that hung so comfortably from his tall, athletic frame. He strolled nonchalantly across the thousanddollaraday suite and poured another cup of decaf. He checked his watch. He glanced at the two partners sitting at the small conference table near the windows",
"chapter2" :"The senior partner studied the resume for the hundredth time and again found nothing he disliked about Mitchell Y. McDeere, at least not on paper. He had the brains, the ambition, the good looks. And he was hungry; with his background, he had to be. He was married, and that was mandatory. The Firm had never hired an unmarried lawyer, and it frowned heavily on divorce, as well as womanizing and drinking. Drug testing was in the contract. He had a degree in accounting, passed the CPA exam the first time he took it and wanted to be a tax lawyer, which of course was a requirement with a tax firm. He was white, and The Firm had never hired a black. They managed this by being secretive and clubbish and never soliciting job applications. Other firms solicited, and hired blacks. This firm recruited, and remained lily white. Plus, The Firm was in Memphis, of all places, and the top blacks wanted New York or Washington or Chicago. McDeere was a male, and there were no women in. That mistake had been made in the midseventies when they recruited the number one grad from Harvard, who happened to be a she and a wizard at taxation. She lasted four turbulent years and was killed in a car wreck. He looked good, on paper. He was their top choice. In fact, for this year there were no other prospects. The list was very short. It was McDeere or no one. The managing partner, Royce McKnight, studied a dossier labeled: Mitchell Y. McDeere, Harvard Mitch smiled and nodded and played along. Were these guys serious? How could he consider such a small firm in such a small town when Wall Street was waiting? How are you ranked in your class? Mr. Lambert asked. Top five. Not top five percent, but top five. That was enough of an answer for all of them. Top five out of three hundred. He could have said number three, a fraction away from number two, and within striking distance of number one. But he didnt. They came from inferior schools—Chicago, Columbia and Vanderbilt, as he recalled from a cursory examination of MartindaleHubbelPs Legal Directory. He knew they would not dwell on academics.",
"chapter3" :"Why did you select Harvard? Actually, Harvard selected me. I applied at several schools and was accepted everywhere. Harvard offered more financial assistance. I thought it was the best school. Still do. Youve done quite well here, Mitch, Mr. Lambert said, admiring the resume. The dossier was in the briefcase, under the table. Thank you. Ive worked hard. You made extremely high grades in your tax and securities courses. Thats where my interest lies. Weve reviewed your writing sample, and its quite impressive. Thank you. I enjoy research. They nodded and acknowledged this obvious lie. It was part of the ritual. No law student or lawyer in his right mind enjoyed research, yet, without fail, every prospective associate professed a deep love for the library. Tell us about your wife, Royce McKnight said, almost meekly. They braced for another reprimand. But it was a standard, nonsacred area explored by every firm. Her name is Abby. She has a degree in elementary education from Western Kentucky. We graduated one week and got married the next. For the past three years shes taught at a private kindergarten near Boston College. And is the marriage— Were very happy. Weve known each other since high school. What position did you play? asked Lamar, in the direction of less sensitive matters. Quarterback. I was heavily recruited until I messed up a knee in my last high school game. Everyone disappeared except Western Kentucky. I played off and on for four years, even started some as a junior, but the knee would never hold up. Howd you make straight As and play football? I put the books first. I dont imagine Western Kentucky is much of an academic school, Lamar blurted with a stupid grin, and immediately wished he could take it back. Lambert and McKnight frowned and acknowledged the mistake. Sort of like Kansas State, Mitch replied. They froze, all of them froze, and for a few seconds stared incredulously at each other. This guy McDeere knew Lamar Quin went to Kansas State. He had never met Lamar Quin and had no idea who would appear on behalf of and conduct the interview. Yet, he knew. He had gone to MartindaleHubbelPs and checked them out. He had read the biographical sketches of all of the fortyone lawyers in, and in a split second he had recalled that Lamar Quin, just one of the fortyone, had gone to Kansas State. Damn, they were impressed.",
"chapter4" :"I guess that came out wrong, Lamar apologized. No problem. Mitch smiled warmly. It was forgotten. Oliver Lambert cleared his throat and decided to get personal again. Mitch, our firm frowns on drinking and chasing women. Were not a bunch of Holy Rollers, but we put business ahead of everything. We keep low profiles and we work very hard. And we make plenty of money. I can live with all that. We reserve the right to test any member of The Firm for drug use. I dont use drugs. Good. Whats your religious affiliation? Methodist. Good. Youll find a wide variety in our firm. Catholics, Baptists, Episcopalians. Its really none of our business, but we like to know. We want stable families. Happy lawyers are productive lawyers. Thats why we ask these questions. Mitch smiled and nodded. Hed heard this before. The three looked at each other, then at Mitch. This meant they had reached the point in the interview where the interviewee was supposed to ask one or two intelligent questions. Mitch recrossed his legs. Money, that was the big question, particularly how it compared to his other offers. If it isnt enough, thought Mitch, then it was nice to meet you fellas. If the pay is attractive, then we can discuss families and marriages and football and churches. But, he knew, like all the other firms they had to shadowbox around the issue until things got awkward and it was apparent they had discussed everything in the world but money. So, hit them with a soft question first. What type of work will I do initially? They nodded and approved of the question. Lambert and McKnight looked at Lamar. This answer was his. We have something similar to a twoyear apprenticeship, although we dont call it that. Well send you all over the country to tax seminars. Your education is far from over. Youll spend two weeks next winter in Washington at the American Tax Institute. We take great pride in our technical expertise, and the training is continual, for all of us. If you want to pursue a masters in taxation, well pay for it. As far as practicing law, it wont be very exciting for the first two years. Youll do a lot of research and generally boring stuff. But youll be paid handsomely.",
"chapter5" :"How much? Lamar looked at Royce McKnight, who eyed Mitch and said, Well discuss the compensation and other benefits when you come to Memphis. I want a ballpark figure or I may not come to Memphis. He smiled, arrogant but cordial. He spoke like a man with three job offers. The partners smiled at each other, and Mr. Lambert spoke first. Okay. A base salary of eighty thousand the first year, plus bonuses. Eightyfive the second year, plus bonuses. A lowinterest mortgage so you can buy a home. Two country club memberships. And a new BMW. You pick the color, of course. They focused on his lips, and waited for the wrinkles to form on his cheeks and the teeth to break through. He tried to conceal a smile, but it was impossible. He chuckled. Thats incredible, he mumbled. Eighty thousand in Memphis equaled a hundred and twenty thousand in New York. Did the man say BMW?! His Mazda hatchback had a million miles on it and for the moment had to be jumpstarted while he saved for a rebuilt starter. Twenty, active. We try to keep a ratio of one partner for each associate. Thats high for the industry, but we like it. Again, we do things differently. All of our partners are multimillionaires by the age of fortyfive, Royce McKnight said. All of them? Yes, sir. We dont guarantee it, but if you join our firm, put in ten hard years, make partner and put in ten more years, and youre not a millionaire at the age of fortyfive, youll be the first in twenty years. Thats an impressive statistic. Its an impressive firm, Mitch, Oliver Lambert said, and were very proud of it. Werea closeknit fraternity. Were small and we take care of each other. We dont have the cutthroat competition the big firms are famous for. Were very careful whom we hire, and our goal is for each new associate to become a partner as soon as possible. Toward that end we invest an enormous amount of time and money in ourselves, especially our new people. It is a rare, extremely rare occasion when a lawyer leaves our firm. It is simply unheard of. We go the extra mile to keep careers on track. We want our people happy. We think it is the most profitable way to operate.",
"chapter6" :"I have another impressive statistic, Mr. McKnight added. Last year, for firms our size or larger, the average turnover rate among associates was twentyeight percent. At Bendini, Lambert & Locke, it was zero. Year before, zero. Its been a long time since a lawyer left our firm. They watched him carefully to make sure all of this sank in. Each term and each condition of the employment was important, but the permanence, the finality of his acceptance overshadowed all other items on the checklist. They explained as best they could, for now. Further explanation would come later. Of course, they knew much more than they could talk about. For instance, his mother lived in a cheap trailer park in Panama City Beach, remarried to a retired truck driver with a violent drinking problem. They knew she had received $41,000 from the mine explosion, squandered most of it, then went crazy after her oldest son was killed in Vietnam. They knew he had been neglected, raised in poverty by his brother Ray (whom they could not find) and some sympathetic relatives. The poverty hurt, and they assumed, correctly, it had bred the intense desire to succeed. He had worked thirty hours a week at an allnight convenience store while playing football and making perfect grades. They knew he seldom slept. They knew he was hungry. He was their man. Would you like to come visit us? asked Oliver Lambert. When? asked Mitch, dreaming of a black 318i with a sunroof."
},

{"name":"A Time to Kill",
 "author":"John Grisham", 
 "genre":"Mystery" ,
 "image":"img/mystery/ATimetoKill.jpg",
 "description": "Acoustic, electroacoustic and classical guitars, from leading brands in world.",
"chapter1" :"Billy Ray Cobb was the younger and smaller of the two rednecks. At twentythree he was already a threeyear veteran of the state penitentiary at Parchman. Possession, with intent to sell. He was a lean, tough little punk who had survived prison by somehow maintaining a ready supply of drugs that he sold and sometimes gave to the blacks and the guards for protection. In the year since his release he had continued to prosper, and his smalltime narcotics business had elevated him to the position of one of the more affluent rednecks in Ford County. He was a businessman, with employees, obligations, deals, everything but taxes. Down at the Ford place in Clanton he was known as the last man in recent history to pay cash for a new pickup truck. Sixteen thousand cash, for a custombuilt, fourwheel drive, canary yellow, luxury Ford pickup. The fancy chrome wheels and mudgrip racing tires had been received in a business deal. The rebel flag hanging across the rear window had been stolen by Cobb from a drunken fraternity boy at an Ole Miss football game. The pickup was Billy Rays most prized possession. He sat on the tailgate drinking a beer, smoking a joint, watching his friend Willard take his turn with the black girl. Willard was four years older and a dozen years slower. He was generally a harmless sort who had never been in serious trouble and had never been seriously employed. Maybe an occasional fight with a night in jail, but nothing that would distinguish him. He called himself a pulpwood cutter, but a bad back customarily kept him out of the woods. He had hurt his back working on an offshore rig somewhere in the Gulf, and the oil company paid him a nice settlement, which he lost when his exwife cleaned him out. His primary vocation was that of a parttime employee of Billy Ray Cobb, who didnt pay much but was liberal with his dope. For the first time in years Willard could always get his hands on something. And he always needed something. Hed been that way since he hurt his back. They grew tired of laughing and pulled themselves onto the tailgate, where Willard cleaned himself with the little niggers shirt, which by now was soaked with blood and sweat. Cobb handed him a cold beer from the cooler and commented on the humidity. They watched her as she sobbed and made strange, quiet sounds, then became still. Cobbs beer was half empty, and it was not cold anymore. He threw it at the girl. It hit her in the stomach, splashing white foam, and it rolled off in the dirt near some other cans, all of which had originated from the same cooler. For two sixpacks now they had thrown their halfempty cans at her and laughed. Willard had trouble with the target, but Cobb was fairly accurate. They were not ones to waste beer, but the heavier cans could be felt better and it was great fun to watch the foam shoot everywhere. The warm beer mixed with the dark blood and ran down her face and neck into a puddle behind her head. She did not move. Willard asked Cobb if he thought she was dead. Cobb opened another beer and explained that she was not dead because niggers generally could not be killed by kicking and beating and raping. It took much more, something like a knife or a gun or a rope to dispose of a nigger. Although he had never taken part in such a killing, he had lived with a bunch of niggers in prison and knew all about them. They were always killing each other, and they always used a weapon of some sort. Those who were just beaten and raped never died. Some of the whites were beaten and raped, and some of them died. But none of the niggers. Their heads were harder. Willard seemed satisfied.",
"chapter2" :"Willard asked what he planned to do now that they were through with her. Cobb sucked on his joint, chased it with beer, and said he wasnt through. He bounced from the tailgate and staggered across the small clearing to where she was tied. He cursed her and screamed at her to wake up, then he poured cold beer in her face, laughing like a crazy man. She watched him as he walked around the tree on her right side, and she stared at him as he stared between her legs. When he lowered his pants she turned to the left and closed her eyes. He was hurting her again. She looked out through the woods and saw something—a man running wildly through the vines and underbrush. It was her daddy, yelling and pointing at her and coming desperately to save her. She cried out for him, and he disappeared. She fell asleep. When she awoke one of the men was lying under the tailgate, the other under a tree. They were asleep. Her arms and legs were numb. The blood and beer and urine had mixed with the dirt underneath her to form a sticky paste that glued her small body to the ground and crackled when she moved and wiggled. Escape, she thought, but her mightiest efforts moved her only a few inches to the right. Her feet were tied so high her buttocks barely touched the ground. Her legs and arms were so deadened they refused to move. She searched the woods for her daddy and quietly called his name. She waited, then slept again. Suddenly, she heard somethinglike a car with loud pipes. The two men turned quickly and looked down the dirt road to the highway in the distance. They cursed and scrambled around, one slamming the tailgate and the other running toward her. He tripped and landed near her. They cursed each other while they grabbed her, removed the rope from her neck, dragged her to the pickup and threw her over the tailgate into the bed of the truck. Cobb slapped her and threatened to kill her if she did not lie still and keep quiet. He said he would take her home if she stayed down and did as told; otherwise, they would kill her. They slammed the doors and sped onto the dirt road. She was going home. She passed out. Cobb and Willard waved at the Firebird with the loud pipes as it passed them on the narrow dirt road. Willard checked the back to make sure the little nigger was lying down. Cobb turned onto the highway and raced away. What now? Willard asked nervously. Dont know, Cobb answered nervously. But we gotta do something fast before she gets blood all over my truck. Look at her back there, shes bleedin all over the place. Willard thought for a minute while he finished a beer. Lets throw her off a bridge, he said proudly. Good idea. Damned good idea. Cobb slammed on the brakes. Gimme a beer, he ordered Willard, who stumbled out of the truck and fetched two beers from the back. Shes even got blood on the cooler, he reported as they raced off again. Gwen Hailey sensed something horrible. Normally she would have sent one of the three boys to the store, but they were being punished by their father and had been sentenced to weedpulling in the garden. Tonya had been to the store before by herselfit was only a mile awayand had proven reliable. But after two hours Gwen sent the boys to look for their little sister. They figured she was down at the Pounders house playing with the many Pounders kids, or maybe she had ventured past the store to visit her best friend, Bessie Pierson. ",
"chapter3" :"Mr. Bates at the store said she had come and gone an hour earlier. Jarvis, the middle boy, found a sack of groceries beside the road. Gwen called her husband at the paper mill, then loaded Carl Lee, Jr., into the car and began driving the gravel roads around the store. They drove to a settlement of ancient shotgun houses on Graham Plantation to check with an aunt. They stopped at Broadways store a mile from Bates Grocery and were told by a group of old black men that she had not been seen. They crisscrossed the gravel roads and dusty field roads for three square miles around their house. Cobb could not find a bridge unoccupied by niggers with fishing poles. Every bridge they approached had four or five niggers hanging off the sides with large straw hats and cane poles, and under every bridge on the banks there would be another group sitting on buckets with the same straw hats and cane poles, motionless except for an occasional swat at a fly or a slap at a mosquito. He was scared now. Willard had passed out and was of no help, and he was left alone to dispose of the girl in such a way that she could never tell. Willard snored as he frantically drove the gravel roads and county roads in search of a bridge or ramp on some river where he could stop and toss her without being seen by half a dozen niggers with straw hats. He looked in the mirror and saw her trying to stand. He slammed his brakes, and she crashed into the front of the bed, just under the window. Willard ricocheted off the dash into the floorboard, where he continued to snore. Cobb cursed them both equally. Lake Chatulla was nothing more than a huge, shallow, manmade mudhole with a grasscovered dam running exactly one mile along one end. It sat in the far southwest corner of Ford County, with a few acres in Van Buren County. In the spring it would hold the distinction of being the largest body of water in Mississippi. But by late summer the rains were long gone, and the sun would cook the shallow water until the lake would dehydrate. Its once ambitious shorelines would retreat and move much closer together, creating a depthless basin of reddish brown water. It was fed from all directions by innumerable streams, creeks, sloughs, and a couple of currents large enough to be named rivers. The existence of all these tributaries necessarily gave rise to a good number of bridges near the lake. The crowd filed solemnly through the front door and waited on the porch, where they watched the crew unload a stretcher and head for the house. The paramedics stopped in the yard when the front door opened and Carl Lee walked out with his daughter in his arms. He whispered gently to her as huge tears dripped from his chin. He walked to the rear of the ambulance and stepped inside. The paramedics closed the door and carefully removed her from his embrace. Ozzie Walls was the only black sheriff in Mississippi. There had been a few others in recent history, but for the moment he was the only one. He took great pride in that fact,",
"chapter4" :"since Ford County was seventyfour percent white and the other black sheriffs had been from much blacker counties. Not since Reconstruction had a black sheriff been elected in a white county in Mississippi. He was raised in Ford County, and he was kin to most of the blacks and a few of the whites. After desegregation in the late sixties, he was a member of the first mixed graduating class at Clanton High School. He wanted to play football nearby at Ole Miss, but there were already two blacks on the team. He starred instead at Alcorn State, and was a defensive tackle for the Rams when a knee injury sent him back to Clanton. He missed football, but enjoyed being the high sheriff, especially at election time when he received more. white votes than his white opponents. The white kids loved him because he was a hero, a football star who had played on TV and had his picture in magazines. Their parents respected him and voted for him because he was a tough cop who did not discriminate between black punks and white Sunks. The white politicians supported him because, since e became the sheriff, the Justice Department stayed out of Ford County. The blacks adored him because he was Ozzie, one of their own. He skipped supper and waited in his office at the jail for Hastings to report from the Hailey house. He had a suspect. Billy Ray Cobb was no stranger to the sheriffs office. Ozzie knew he sold drugshe just couldnt catch him. He also knew Cobb had a mean streak. The dispatcher called in the deputies, and as they reported to the jail Ozzie gave them instructions to locate, but not arrest, Billy Ray Cobb. There were twelve deputies in all— nine white and three black. They fanned out across the county in search of a fancy yellow Ford pickup with a rebel flag in the rear window. When Hastings arrived he and the sheriff left for the Ford County hospital. As usual, Hastings drove and Ozzie gave orders on the radio. In the waiting room on the second floor they found the Hailey clan. Aunts, uncles, grandparents, friends, and strangers crowded into the small room and some waited in the narrow hallway. There were whispers and quiet tears. Tonya was in surgery. Carl Lee sat on a cheap plastic couch in a dark corner with Gwen next to him and the boys next to her. He stared at the floor and did not notice the crowd. Gwen laid her head on his shoulder and cried softly. The boys sat rigidly with their hands on knees, occasionally glancing at their father as if waiting on words of reassurance. Ozzie worked his way through the crowd, quietly shaking hands and patting backs and whispering that he would catch them. He knelt before Carl Lee and Gwen. How is she? he asked. Carl Lee did not see him. Gwen cried louder and the boys sniffed and wiped tears. He patted Gwen on the knee and stood. One of her brothers led Ozzie and Hastings out of the room into the hall, away from the family. He shook Ozzies hand and thanked him for coming. How is she? Ozzie asked.",
"chapter5" :"Not too good. Shes in surgery and most likely will be there for a while. Shes got broken fjones and a bad concussion. Shes beat up real bad. Theres rope burns on her neck like they tried to hang her. Was she raped? he asked, certain of the answer. Yeah. She told her momma they took turns on her and hurt her real bad. Doctors confirmed it. Hows Carl Lee and Gwen? Theyre tore up pretty bad. I think theyre in shock. Carl Lee aint said a word since he got here. Ozzie assured him they would find the two men, and it wouldnt take long, and when they found them they would be locked up someplace safe. The brother suggested he should hide them in another jail, for their own safety. Three miles out of Clanton, Ozzie pointed to a gravel driveway. Pull in there, he told Hastings, who turned off the highway and drove into the front yard of a dilapidated house trailer. It was almost dark. Ozzie took his night stick and banged violently on the front door. Open up, Bumpous! The trailer shook and Bumpous scrambled to the bathroom to flush a fresh joint. Open up, Bumpous! Ozzie banged. I know youre in there. Open up or Ill kick in the door. Bumpous yanked the door open and Ozzie walked in. You know, Bumpous, evertime I visit you I smell somethin funny and the commodes flushin. Get some clothes on. I gotta job for you. Wwhat? Ill explain it outside where I can breathe. Just get some clothes on and hurry. What if I dont want to? Fine. Ill see your parole officer tomorrow. Ill be out in a minute. Ozzie smiled and walked to his car. Bobby Bumpous was one of his favorites. Since his parole two years earlier, he had led a reasonably clean life, occasionally succumbing to the lure of an easy drug sale for a quick buck. Ozzie watched him like a hawk and knew of such transactions, and Bumpous knew Ozzie knew; therefore, Bumpous was usually most eager to help his friend, Sheriff Walls. The plan was to eventually use Bumpous to nail Billy Ray Cobb for dealing, but that would be postponed for now. After a few minutes he marched outside, still tucking his shirttail and zipping his pants. Who you lookin for? he demanded.",
"chapter6" :"Billy Ray Cobb. Thats no problem. You can find him without me. Shut up and listen. We think Cobb was involved in a rape this afternoon. A black girl was raped by two white men, and I think Cobb was there. Cobb aint into rape, Sheriff. Hes into drugs, remember? Shut up and listen. You find Cobb and spend some time with him. Five minutes ago his truck was spotted at Hueys. Buy him a beer. Shoot some pool, roll dice, what—ever. Find out what he did today. Who was he with? Whered he go? You know how he likes to talk, right? Naw, I just couldnt. I talked real ugly to him and threatened him some more. I put him on probation right there in his bathroom. Hes been fun to work with ever since. They drove by Hueys and saw Cobbs truck in the gravel parking lot with a dozen other pickups and fourwheel drives. They parked behind a black church on a hill up the highway from Hueys, where they had a good view of the honky tonk, or tonk, as it was affectionately called by the patrons. Another patrol car hid behind some trees at the other end of the highway. Moments later Bumpous flew by and wheeled into the parking lot. He locked his brakes, spraying gravel and dust, then backed next to Cobbs truck. He looked around and casually entered Hueys. Thirty minutes later the dispatcher advised Ozzie that the informant had found the subject, a male white, at Hueys, an establishment on Highway 305 near the lake. Within minutes two more patrol cars were hidden close by. They waited."
}

]}